id,name
0,Node0
1,Node1
2,Node2
3,Node3
4,Node4
5,Node5
6,Node6
7,Node7
8,Node8
9,Node9
10,Node10
11,Node11
12,Node12
13,Node13
14,Node14
15,Node15
16,Node16
17,Node17
18,Node18
19,Node19
20,Node20
21,Node21
22,Node22
23,Node23
24,Node24
25,Node25
26,Node26
27,Node27
28,Node28
29,Node29
30,Node30
31,Node31
32,Node32
33,Node33
34,Node34
35,Node35
36,Node36
37,Node37
38,Node38
39,Node39
40,Node40
41,Node41
42,Node42
43,Node43
44,Node44
45,Node45
46,Node46
47,Node47
48,Node48
49,Node49
50,Node50
51,Node51
52,Node52
53,Node53
54,Node54
55,Node55
56,Node56
57,Node57
58,Node58
59,Node59
60,Node60
61,Node61
62,Node62
63,Node63
64,Node64
65,Node65
66,Node66
67,Node67
68,Node68
69,Node69
70,Node70
71,Node71
72,Node72
73,Node73
74,Node74
75,Node75
76,Node76
77,Node77
78,Node78
79,Node79
80,Node80
81,Node81
82,Node82
83,Node83
84,Node84
85,Node85
86,Node86
87,Node87
88,Node88
89,Node89
90,Node90
91,Node91
92,Node92
93,Node93
94,Node94
95,Node95
96,Node96
97,Node97
98,Node98
99,Node99
100,Node100
101,Node101
102,Node102
103,Node103
104,Node104
105,Node105
106,Node106
107,Node107
108,Node108
109,Node109
110,Node110
111,Node111
112,Node112
113,Node113
114,Node114
115,Node115
116,Node116
117,Node117
118,Node118
119,Node119
120,Node120
121,Node121
122,Node122
123,Node123
124,Node124
125,Node125
126,Node126
127,Node127
128,Node128
129,Node129
130,Node130
131,Node131
132,Node132
133,Node133
134,Node134
135,Node135
136,Node136
137,Node137
138,Node138
139,Node139
140,Node140
141,Node141
142,Node142
143,Node143
144,Node144
145,Node145
146,Node146
147,Node147
148,Node148
149,Node149
150,Node150
151,Node151
152,Node152
153,Node153
154,Node154
155,Node155
156,Node156
157,Node157
158,Node158
159,Node159
160,Node160
161,Node161
162,Node162
163,Node163
164,Node164
165,Node165
166,Node166
167,Node167
168,Node168
169,Node169
170,Node170
171,Node171
172,Node172
173,Node173
174,Node174
175,Node175
176,Node176
177,Node177
178,Node178
179,Node179
180,Node180
181,Node181
182,Node182
183,Node183
184,Node184
185,Node185
186,Node186
187,Node187
188,Node188
189,Node189
190,Node190
191,Node191
192,Node192
193,Node193
194,Node194
195,Node195
196,Node196
197,Node197
198,Node198
199,Node199
200,Node200
201,Node201
202,Node202
203,Node203
204,Node204
205,Node205
206,Node206
207,Node207
208,Node208
209,Node209
210,Node210
211,Node211
212,Node212
213,Node213
214,Node214
215,Node215
216,Node216
217,Node217
218,Node218
219,Node219
220,Node220
221,Node221
222,Node222
223,Node223
224,Node224
225,Node225
226,Node226
227,Node227
228,Node228
229,Node229
230,Node230
231,Node231
232,Node232
233,Node233
234,Node234
235,Node235
236,Node236
237,Node237
238,Node238
239,Node239
240,Node240
241,Node241
242,Node242
243,Node243
244,Node244
245,Node245
246,Node246
247,Node247
248,Node248
249,Node249
250,Node250
251,Node251
252,Node252
253,Node253
254,Node254
255,Node255
256,Node256
257,Node257
258,Node258
259,Node259
260,Node260
261,Node261
262,Node262
263,Node263
264,Node264
265,Node265
266,Node266
267,Node267
268,Node268
269,Node269
270,Node270
271,Node271
272,Node272
273,Node273
274,Node274
275,Node275
276,Node276
277,Node277
278,Node278
279,Node279
280,Node280
281,Node281
282,Node282
283,Node283
284,Node284
285,Node285
286,Node286
287,Node287
288,Node288
289,Node289
290,Node290
291,Node291
292,Node292
293,Node293
294,Node294
295,Node295
296,Node296
297,Node297
298,Node298
299,Node299
300,Node300
301,Node301
302,Node302
303,Node303
304,Node304
305,Node305
306,Node306
307,Node307
308,Node308
309,Node309
310,Node310
311,Node311
312,Node312
313,Node313
314,Node314
315,Node315
316,Node316
317,Node317
318,Node318
319,Node319
320,Node320
321,Node321
322,Node322
323,Node323
324,Node324
325,Node325
326,Node326
327,Node327
328,Node328
329,Node329
330,Node330
331,Node331
332,Node332
333,Node333
334,Node334
335,Node335
336,Node336
337,Node337
338,Node338
339,Node339
340,Node340
341,Node341
342,Node342
343,Node343
344,Node344
345,Node345
346,Node346
347,Node347
348,Node348
349,Node349
350,Node350
351,Node351
352,Node352
353,Node353
354,Node354
355,Node355
356,Node356
357,Node357
358,Node358
359,Node359
360,Node360
361,Node361
362,Node362
363,Node363
364,Node364
365,Node365
366,Node366
367,Node367
368,Node368
369,Node369
370,Node370
371,Node371
372,Node372
373,Node373
374,Node374
375,Node375
376,Node376
377,Node377
378,Node378
379,Node379
380,Node380
381,Node381
382,Node382
383,Node383
384,Node384
385,Node385
386,Node386
387,Node387
388,Node388
389,Node389
390,Node390
391,Node391
392,Node392
393,Node393
394,Node394
395,Node395
396,Node396
397,Node397
398,Node398
399,Node399
400,Node400
401,Node401
402,Node402
403,Node403
404,Node404
405,Node405
406,Node406
407,Node407
408,Node408
409,Node409
410,Node410
411,Node411
412,Node412
413,Node413
414,Node414
415,Node415
416,Node416
417,Node417
418,Node418
419,Node419
420,Node420
421,Node421
422,Node422
423,Node423
424,Node424
425,Node425
426,Node426
427,Node427
428,Node428
429,Node429
430,Node430
431,Node431
432,Node432
433,Node433
434,Node434
435,Node435
436,Node436
437,Node437
438,Node438
439,Node439
440,Node440
441,Node441
442,Node442
443,Node443
444,Node444
445,Node445
446,Node446
447,Node447
448,Node448
449,Node449
450,Node450
451,Node451
452,Node452
453,Node453
454,Node454
455,Node455
456,Node456
457,Node457
458,Node458
459,Node459
460,Node460
461,Node461
462,Node462
463,Node463
464,Node464
465,Node465
466,Node466
467,Node467
468,Node468
469,Node469
470,Node470
471,Node471
472,Node472
473,Node473
474,Node474
475,Node475
476,Node476
477,Node477
478,Node478
479,Node479
480,Node480
481,Node481
482,Node482
483,Node483
484,Node484
485,Node485
486,Node486
487,Node487
488,Node488
489,Node489
490,Node490
491,Node491
492,Node492
493,Node493
494,Node494
495,Node495
496,Node496
497,Node497
498,Node498
499,Node499
500,Node500
501,Node501
502,Node502
503,Node503
504,Node504
505,Node505
506,Node506
507,Node507
508,Node508
509,Node509
510,Node510
511,Node511
512,Node512
513,Node513
514,Node514
515,Node515
516,Node516
517,Node517
518,Node518
519,Node519
520,Node520
521,Node521
522,Node522
523,Node523
524,Node524
525,Node525
526,Node526
527,Node527
528,Node528
529,Node529
530,Node530
531,Node531
532,Node532
533,Node533
534,Node534
535,Node535
536,Node536
537,Node537
538,Node538
539,Node539
540,Node540
541,Node541
542,Node542
543,Node543
544,Node544
545,Node545
546,Node546
547,Node547
548,Node548
549,Node549
550,Node550
551,Node551
552,Node552
553,Node553
554,Node554
555,Node555
556,Node556
557,Node557
558,Node558
559,Node559
560,Node560
561,Node561
562,Node562
563,Node563
564,Node564
565,Node565
566,Node566
567,Node567
568,Node568
569,Node569
570,Node570
571,Node571
572,Node572
573,Node573
574,Node574
575,Node575
576,Node576
577,Node577
578,Node578
579,Node579
580,Node580
581,Node581
582,Node582
583,Node583
584,Node584
585,Node585
586,Node586
587,Node587
588,Node588
589,Node589
590,Node590
591,Node591
592,Node592
593,Node593
594,Node594
595,Node595
596,Node596
597,Node597
598,Node598
599,Node599
600,Node600
601,Node601
602,Node602
603,Node603
604,Node604
605,Node605
606,Node606
607,Node607
608,Node608
609,Node609
610,Node610
611,Node611
612,Node612
613,Node613
614,Node614
615,Node615
616,Node616
617,Node617
618,Node618
619,Node619
620,Node620
621,Node621
622,Node622
623,Node623
624,Node624
625,Node625
626,Node626
627,Node627
628,Node628
629,Node629
630,Node630
631,Node631
632,Node632
633,Node633
634,Node634
635,Node635
636,Node636
637,Node637
638,Node638
639,Node639
640,Node640
641,Node641
642,Node642
643,Node643
644,Node644
645,Node645
646,Node646
647,Node647
648,Node648
649,Node649
650,Node650
651,Node651
652,Node652
653,Node653
654,Node654
655,Node655
656,Node656
657,Node657
658,Node658
659,Node659
660,Node660
661,Node661
662,Node662
663,Node663
664,Node664
665,Node665
666,Node666
667,Node667
668,Node668
669,Node669
670,Node670
671,Node671
672,Node672
673,Node673
674,Node674
675,Node675
676,Node676
677,Node677
678,Node678
679,Node679
680,Node680
681,Node681
682,Node682
683,Node683
684,Node684
685,Node685
686,Node686
687,Node687
688,Node688
689,Node689
690,Node690
691,Node691
692,Node692
693,Node693
694,Node694
695,Node695
696,Node696
697,Node697
698,Node698
699,Node699
700,Node700
701,Node701
702,Node702
703,Node703
704,Node704
705,Node705
706,Node706
707,Node707
708,Node708
709,Node709
710,Node710
711,Node711
712,Node712
713,Node713
714,Node714
715,Node715
716,Node716
717,Node717
718,Node718
719,Node719
720,Node720
721,Node721
722,Node722
723,Node723
724,Node724
725,Node725
726,Node726
727,Node727
728,Node728
729,Node729
730,Node730
731,Node731
732,Node732
733,Node733
734,Node734
735,Node735
736,Node736
737,Node737
738,Node738
739,Node739
740,Node740
741,Node741
742,Node742
743,Node743
744,Node744
745,Node745
746,Node746
747,Node747
748,Node748
749,Node749
750,Node750
751,Node751
752,Node752
753,Node753
754,Node754
755,Node755
756,Node756
757,Node757
758,Node758
759,Node759
760,Node760
761,Node761
762,Node762
763,Node763
764,Node764
765,Node765
766,Node766
767,Node767
768,Node768
769,Node769
770,Node770
771,Node771
772,Node772
773,Node773
774,Node774
775,Node775
776,Node776
777,Node777
778,Node778
779,Node779
780,Node780
781,Node781
782,Node782
783,Node783
784,Node784
785,Node785
786,Node786
787,Node787
788,Node788
789,Node789
790,Node790
791,Node791
792,Node792
793,Node793
794,Node794
795,Node795
796,Node796
797,Node797
798,Node798
799,Node799
800,Node800
801,Node801
802,Node802
803,Node803
804,Node804
805,Node805
806,Node806
807,Node807
808,Node808
809,Node809
810,Node810
811,Node811
812,Node812
813,Node813
814,Node814
815,Node815
816,Node816
817,Node817
818,Node818
819,Node819
820,Node820
821,Node821
822,Node822
823,Node823
824,Node824
825,Node825
826,Node826
827,Node827
828,Node828
829,Node829
830,Node830
831,Node831
832,Node832
833,Node833
834,Node834
835,Node835
836,Node836
837,Node837
838,Node838
839,Node839
840,Node840
841,Node841
842,Node842
843,Node843
844,Node844
845,Node845
846,Node846
847,Node847
848,Node848
849,Node849
850,Node850
851,Node851
852,Node852
853,Node853
854,Node854
855,Node855
856,Node856
857,Node857
858,Node858
859,Node859
860,Node860
861,Node861
862,Node862
863,Node863
864,Node864
865,Node865
866,Node866
867,Node867
868,Node868
869,Node869
870,Node870
871,Node871
872,Node872
873,Node873
874,Node874
875,Node875
876,Node876
877,Node877
878,Node878
879,Node879
880,Node880
881,Node881
882,Node882
883,Node883
884,Node884
885,Node885
886,Node886
887,Node887
888,Node888
889,Node889
890,Node890
891,Node891
892,Node892
893,Node893
894,Node894
895,Node895
896,Node896
897,Node897
898,Node898
899,Node899
900,Node900
901,Node901
902,Node902
903,Node903
904,Node904
905,Node905
906,Node906
907,Node907
908,Node908
909,Node909
910,Node910
911,Node911
912,Node912
913,Node913
914,Node914
915,Node915
916,Node916
917,Node917
918,Node918
919,Node919
920,Node920
921,Node921
922,Node922
923,Node923
924,Node924
925,Node925
926,Node926
927,Node927
928,Node928
929,Node929
930,Node930
931,Node931
932,Node932
933,Node933
934,Node934
935,Node935
936,Node936
937,Node937
938,Node938
939,Node939
940,Node940
941,Node941
942,Node942
943,Node943
944,Node944
945,Node945
946,Node946
947,Node947
948,Node948
949,Node949
950,Node950
951,Node951
952,Node952
953,Node953
954,Node954
955,Node955
956,Node956
957,Node957
958,Node958
959,Node959
960,Node960
961,Node961
962,Node962
963,Node963
964,Node964
965,Node965
966,Node966
967,Node967
968,Node968
969,Node969
970,Node970
971,Node971
972,Node972
973,Node973
974,Node974
975,Node975
976,Node976
977,Node977
978,Node978
979,Node979
980,Node980
981,Node981
982,Node982
983,Node983
984,Node984
985,Node985
986,Node986
987,Node987
988,Node988
989,Node989
990,Node990
991,Node991
992,Node992
993,Node993
994,Node994
995,Node995
996,Node996
997,Node997
998,Node998
999,Node999
