from_vertex,to_vertex
1,57
1,248
1,331
1,353
1,430
1,489
1,556
1,750
1,786
1,809
1,872
1,918
2,81
2,462
2,530
2,599
3,481
4,27
4,675
4,752
4,934
6,215
6,395
6,452
6,650
6,778
7,56
7,169
7,198
7,402
7,466
7,606
7,631
8,51
8,271
8,657
8,745
9,156
9,192
9,379
9,949
10,52
10,104
10,190
10,547
10,624
11,49
11,208
11,460
11,958
12,56
12,486
12,625
12,674
12,917
13,22
13,231
13,369
13,610
13,622
14,128
15,310
15,379
15,455
15,694
15,699
15,760
15,859
15,878
16,213
16,631
16,825
18,87
18,672
19,602
19,952
20,40
20,109
20,220
20,410
20,444
20,482
20,826
21,411
21,869
22,13
22,45
22,369
22,703
22,761
23,728
23,866
24,204
24,258
24,576
25,82
25,184
25,812
26,223
26,435
27,76
27,139
27,320
27,480
27,653
27,965
27,982
28,480
28,901
29,24
29,94
29,277
29,437
29,565
29,782
29,885
29,924
29,989
30,131
30,174
30,319
30,373
31,482
31,931
32,42
32,64
32,93
32,399
32,423
32,476
32,508
32,521
32,590
32,693
32,968
33,47
33,481
33,604
34,616
34,793
34,824
35,828
36,425
36,472
36,968
37,185
37,274
37,534
37,805
37,822
38,9
38,312
38,755
38,805
39,570
40,20
40,57
40,89
40,198
40,249
40,284
40,291
40,444
40,482
40,565
40,801
40,877
40,910
40,943
40,962
41,281
41,317
41,947
42,60
42,201
42,235
42,540
42,679
42,822
43,42
43,92
43,163
43,305
43,344
43,390
43,489
44,269
44,664
45,324
45,404
46,95
46,198
46,204
46,334
46,447
46,575
46,692
46,770
46,781
47,484
47,514
47,680
47,955
48,69
48,264
48,506
48,968
49,11
49,633
49,732
49,938
49,958
50,517
50,722
50,734
50,981
51,183
51,372
51,720
51,831
51,954
51,959
52,10
52,104
52,194
52,206
52,336
52,441
52,903
53,180
53,643
53,778
53,858
53,902
54,491
54,508
55,58
55,121
55,168
55,172
55,199
55,485
55,524
55,911
56,230
56,568
57,1
57,100
57,331
57,337
58,790
61,816
62,509
62,976
63,135
64,32
64,213
64,242
64,423
64,507
64,813
64,841
64,910
65,47
65,560
65,632
65,716
66,0
66,202
66,572
67,306
67,402
67,491
67,924
68,8
68,158
68,228
68,572
69,211
69,284
69,801
69,987
70,322
70,431
70,494
70,616
70,797
71,277
71,667
71,676
71,756
71,763
71,932
72,57
72,457
72,893
72,933
74,508
74,728
75,412
75,628
75,694
76,241
76,256
76,627
76,895
76,935
76,967
77,269
77,348
77,424
77,786
77,874
78,16
78,790
80,120
80,387
80,396
80,786
81,2
81,240
81,333
81,462
81,486
81,559
81,568
81,843
82,556
82,658
82,809
82,978
83,51
83,585
84,854
85,82
86,122
86,259
86,548
86,625
86,984
87,115
87,429
87,661
87,974
88,332
88,449
88,457
88,493
88,856
89,40
89,258
89,284
89,826
90,103
90,183
90,408
91,95
91,185
91,726
93,32
93,274
93,476
93,858
94,29
94,259
94,414
94,800
94,824
94,883
94,924
95,46
95,65
95,80
95,415
95,447
95,541
95,795
95,971
96,35
96,116
96,178
96,281
96,416
96,443
96,834
96,877
96,965
96,970
96,977
96,992
97,183
97,200
97,786
97,807
97,847
98,180
98,184
98,317
98,805
99,10
99,364
99,645
99,696
99,803
100,296
100,590
101,119
101,150
101,212
101,468
101,592
101,599
101,647
101,649
101,694
101,872
101,884
102,90
102,110
102,510
102,541
102,765
102,928
102,931
103,90
103,215
103,408
103,466
104,10
104,52
104,172
104,279
104,287
104,414
104,631
104,719
104,792
105,438
105,479
105,482
105,543
105,669
106,2
106,109
106,229
106,470
107,124
107,326
107,502
107,714
107,996
108,273
108,376
108,484
108,592
109,106
109,229
109,427
109,699
110,102
110,165
110,417
110,510
110,585
110,692
110,931
111,419
111,618
112,493
112,623
112,686
112,721
113,264
114,884
115,80
115,493
115,723
116,96
116,698
116,816
116,834
117,124
117,225
117,296
117,447
117,488
117,554
117,887
117,910
118,172
118,441
118,669
118,830
119,101
119,329
119,366
119,389
119,541
119,599
119,918
120,80
120,323
120,396
120,876
121,55
121,168
121,310
122,207
122,844
123,93
123,226
124,117
124,225
124,769
125,727
125,919
126,265
126,411
126,597
126,609
126,757
126,992
127,518
129,238
129,255
129,324
129,784
129,888
130,466
130,717
131,504
131,701
132,309
132,450
132,560
132,950
133,199
133,209
133,278
133,341
133,465
133,725
133,732
133,757
133,911
134,240
134,337
134,444
134,674
135,78
136,492
136,874
137,426
138,3
138,488
138,985
139,27
139,653
140,518
140,709
141,35
142,75
142,222
142,825
142,903
143,64
143,224
143,225
143,469
143,547
143,573
143,885
144,30
144,177
144,264
144,304
144,384
144,551
144,868
145,165
145,789
145,884
146,342
146,430
146,781
146,933
147,369
147,504
147,631
147,725
147,910
147,938
148,365
148,417
149,724
150,101
150,247
150,468
150,470
150,865
151,104
151,316
151,496
151,996
152,227
153,567
153,771
154,364
154,371
154,802
155,6
155,232
155,377
155,400
155,600
156,131
156,465
156,507
156,642
156,643
157,309
157,470
157,563
158,171
158,191
158,768
161,119
161,377
161,777
161,816
162,175
163,43
163,396
163,489
163,532
163,533
164,611
164,960
165,177
165,194
165,471
166,15
166,190
166,252
166,309
166,454
167,990
168,55
168,121
168,240
168,344
168,881
169,7
169,198
169,394
170,210
170,498
170,944
171,158
171,266
171,516
171,742
171,768
171,890
172,118
172,191
172,193
172,299
172,414
172,642
172,736
172,830
172,952
172,961
173,179
173,566
173,759
173,784
174,278
174,481
175,165
175,736
175,821
175,835
176,170
176,412
176,464
176,676
176,719
177,12
177,90
177,222
177,223
177,551
177,816
177,920
178,182
178,222
178,472
178,719
179,239
179,242
180,15
180,53
180,713
180,778
181,185
181,281
181,614
182,54
182,102
182,419
182,613
182,744
182,922
183,97
183,200
183,322
183,547
183,829
183,905
183,971
184,98
184,204
184,262
184,317
184,616
184,646
184,835
184,988
185,91
185,181
185,214
185,220
185,281
185,319
185,401
185,407
185,436
185,480
185,726
185,804
185,832
186,281
186,534
186,590
186,786
187,10
187,117
187,177
187,560
188,312
188,654
188,705
188,925
189,319
189,785
189,790
190,10
190,265
190,547
190,785
191,172
191,207
191,468
191,642
191,805
191,895
192,9
192,322
192,323
192,432
192,749
192,833
192,876
192,949
193,37
193,171
193,259
193,514
193,674
193,757
193,841
194,52
194,165
194,336
194,471
194,605
194,708
194,922
195,293
195,636
195,820
196,120
196,328
196,888
197,30
197,712
197,714
197,794
198,7
198,40
198,169
198,877
199,133
199,156
199,396
199,495
199,755
199,757
200,97
200,183
200,277
200,880
201,215
201,532
201,608
201,846
202,58
202,148
202,259
202,342
203,43
204,175
204,184
204,480
204,580
204,604
204,616
205,421
205,748
206,692
207,77
207,122
207,191
207,566
207,844
207,855
207,895
209,601
209,783
210,170
210,498
211,69
211,161
211,284
211,506
211,587
211,670
211,748
211,899
211,910
212,284
213,64
213,466
213,507
214,185
214,364
214,558
214,586
214,804
214,912
215,103
215,285
215,337
215,449
215,466
215,678
215,802
216,42
216,635
216,649
216,727
216,790
216,840
216,888
217,25
217,609
217,942
218,240
218,336
218,659
219,289
219,983
220,38
220,185
220,395
220,803
220,832
221,35
221,230
221,474
221,545
221,732
221,838
222,79
222,90
222,177
222,244
222,255
222,410
222,816
223,142
223,245
223,777
223,998
224,365
224,750
224,965
225,117
225,124
226,268
226,398
227,232
227,283
227,679
227,941
228,68
228,425
228,572
229,106
229,109
229,437
229,735
230,56
230,221
230,362
230,474
230,568
230,812
231,13
231,45
231,325
231,392
231,622
231,895
231,966
232,155
232,227
232,283
232,342
232,377
232,602
232,933
233,361
233,362
233,722
233,924
235,990
236,359
236,369
236,411
236,468
236,492
236,959
237,81
237,346
238,177
238,873
239,11
239,522
239,622
239,931
240,81
240,134
240,168
240,337
240,344
240,355
240,468
240,486
241,237
241,880
242,64
242,426
242,588
242,837
242,848
242,910
243,581
243,864
244,481
245,330
245,369
246,186
246,285
246,559
246,657
246,856
247,155
247,230
247,622
247,773
247,928
248,333
248,516
248,609
248,612
248,758
248,836
249,278
249,370
249,554
249,731
249,983
250,112
250,592
250,633
250,886
251,40
251,572
251,644
251,888
252,166
252,218
252,309
252,406
252,516
252,748
252,789
252,964
253,826
255,129
255,616
255,758
255,888
256,75
256,362
256,941
256,979
257,387
257,394
257,573
257,805
257,835
257,883
258,62
258,659
258,716
258,726
258,736
258,746
258,776
259,86
259,94
259,193
259,236
259,732
259,757
259,883
259,984
260,324
260,446
260,457
260,719
260,864
260,953
262,578
262,732
262,913
264,144
264,289
264,551
265,54
265,231
265,687
265,784
266,163
266,719
267,346
267,651
267,986
268,226
268,398
268,501
268,559
268,864
269,44
269,77
269,284
269,602
269,664
269,786
269,888
269,899
270,2
270,34
270,912
271,8
271,168
271,620
271,641
271,657
271,791
271,834
271,972
272,55
272,667
273,108
273,592
273,714
273,768
274,63
274,101
274,468
274,479
274,648
274,793
274,866
274,900
275,432
275,865
275,896
276,73
276,267
276,728
276,736
276,884
277,29
277,343
277,394
277,437
277,561
277,956
278,133
278,249
278,465
278,526
278,549
278,554
278,707
279,104
279,228
279,631
279,670
279,679
279,978
280,27
281,181
281,185
281,186
281,293
281,364
281,416
281,534
282,84
282,910
283,227
283,232
283,548
284,40
284,69
284,89
284,118
284,211
284,478
284,990
285,215
285,246
285,331
285,337
285,741
285,778
285,856
285,869
285,955
285,980
286,511
287,104
287,414
287,600
287,753
287,832
288,362
288,780
288,868
289,84
289,135
289,466
289,640
289,641
289,664
289,708
289,877
290,697
290,843
290,911
290,940
291,40
291,105
291,116
291,502
291,910
292,439
292,898
292,923
293,281
293,364
293,964
294,206
294,782
294,838
295,608
295,677
296,117
296,835
296,840
296,910
297,28
297,424
297,541
298,979
299,172
299,961
300,240
300,355
300,413
300,516
300,526
300,561
300,615
300,755
300,832
300,892
301,862
302,886
302,920
303,310
303,852
303,987
304,681
305,108
305,470
305,778
306,67
306,335
306,343
306,360
306,402
306,536
306,602
306,649
306,698
307,245
307,473
307,842
308,452
308,509
308,608
308,914
309,132
309,157
309,166
309,252
309,387
309,402
309,450
309,563
310,15
310,300
310,859
311,90
312,38
312,755
312,797
312,824
313,276
313,908
314,702
316,342
316,669
317,41
317,98
317,184
317,736
317,922
317,947
318,446
318,552
319,78
319,193
319,505
319,523
319,977
320,27
320,982
321,144
321,225
321,334
322,70
322,183
322,192
322,323
322,479
322,547
322,680
322,697
322,762
322,797
322,940
322,967
323,192
323,322
323,791
323,861
324,305
324,315
324,790
324,909
325,386
325,994
326,511
327,115
327,594
327,827
328,401
328,682
328,927
329,871
330,222
330,722
330,779
331,1
331,57
331,198
331,285
331,678
331,955
332,257
332,334
332,412
332,570
333,81
333,168
333,559
333,570
333,656
333,803
333,875
334,46
334,575
335,87
335,306
335,602
335,725
335,726
336,52
336,112
336,155
336,194
336,218
336,659
337,134
337,215
337,240
337,285
337,522
337,607
337,694
337,885
337,934
337,978
338,49
338,498
339,677
340,342
340,414
340,480
340,927
340,956
341,133
341,216
341,428
341,554
341,732
342,232
342,340
342,578
342,907
342,933
342,956
343,378
344,168
344,240
344,241
344,362
344,382
344,827
344,977
345,36
345,125
346,229
346,323
346,371
346,662
346,721
347,82
347,150
347,347
347,659
347,685
347,706
347,877
347,955
348,643
348,855
348,904
348,911
349,440
349,664
349,917
349,936
350,399
350,991
351,303
351,436
351,785
351,906
352,536
352,688
352,859
352,923
353,1
353,368
353,786
354,851
356,208
356,663
357,620
357,628
357,791
358,225
358,456
358,464
358,601
359,236
359,411
359,678
359,854
360,306
360,333
360,618
360,698
361,703
362,233
362,256
362,259
362,344
362,375
362,461
362,767
362,783
362,812
362,924
362,977
362,979
363,135
363,451
363,646
364,99
364,154
364,214
364,281
364,293
364,558
364,696
364,802
365,21
365,667
365,731
367,171
367,380
367,766
368,373
368,549
368,714
368,805
369,13
369,15
369,22
369,98
369,236
369,513
369,930
369,959
372,133
372,528
372,654
373,136
373,368
373,388
373,440
373,443
373,462
373,473
373,805
374,850
376,349
376,600
377,155
377,161
377,174
377,232
377,777
378,227
378,365
378,461
379,15
379,49
379,314
379,455
379,663
380,737
380,970
380,987
381,684
382,34
382,42
382,182
382,256
382,344
382,827
383,367
383,395
383,417
383,543
383,619
383,767
383,880
384,274
384,591
384,666
384,988
385,337
385,517
385,960
386,100
386,309
387,35
387,257
387,342
387,609
387,883
388,132
388,554
389,119
389,469
389,565
389,918
390,557
391,535
391,643
392,61
392,370
392,644
392,881
393,103
393,919
394,277
394,388
394,516
394,561
394,679
394,912
395,6
395,264
395,383
395,452
395,544
395,670
395,880
396,80
396,120
396,565
396,572
396,825
397,225
397,250
398,150
398,194
398,226
398,268
399,65
399,497
400,109
400,272
400,392
400,694
400,804
400,826
401,512
401,841
401,872
401,928
401,949
402,7
402,67
402,306
402,484
402,536
402,600
402,606
402,847
403,109
403,550
403,558
403,727
403,889
403,971
404,218
404,620
404,810
404,989
405,99
405,977
405,981
406,252
406,272
406,627
406,964
407,361
407,554
407,706
407,822
407,864
408,90
408,103
408,319
408,558
408,584
408,611
408,925
409,284
409,285
409,636
409,696
410,589
410,813
411,126
411,236
411,337
411,359
411,597
411,800
412,75
412,80
412,133
412,176
412,498
412,628
412,676
412,691
412,841
412,843
412,884
412,896
413,157
413,300
413,376
413,526
413,731
413,933
414,104
414,287
414,643
414,674
414,804
415,95
415,434
415,795
415,878
415,955
416,438
417,110
417,692
417,802
417,863
417,990
418,386
418,607
419,111
419,182
419,260
419,263
419,387
419,613
419,618
419,766
420,41
420,74
420,219
420,425
420,478
421,134
421,973
422,463
423,32
423,64
423,153
423,252
424,77
424,874
425,142
425,381
426,242
426,588
426,727
426,891
427,550
428,638
428,710
429,209
429,293
429,806
431,42
432,192
432,332
432,480
432,876
433,511
434,415
434,878
436,203
436,857
436,869
436,997
437,29
437,277
437,439
437,469
438,271
438,645
439,855
439,920
442,268
442,757
443,302
443,710
443,923
444,20
444,40
444,508
444,871
445,204
445,260
445,818
445,888
445,909
445,969
445,972
446,601
447,46
447,95
447,117
447,321
447,644
447,887
447,909
448,247
448,490
448,719
449,215
449,802
450,132
450,209
450,309
451,85
451,994
452,6
452,40
452,81
452,308
452,395
452,914
453,490
453,493
454,852
455,15
455,379
455,577
455,769
455,911
455,925
456,473
456,755
456,800
456,853
457,220
457,260
457,583
457,864
458,792
459,126
459,825
462,2
462,81
462,996
463,73
464,87
464,111
464,130
464,209
464,439
464,505
464,834
464,907
465,133
465,278
466,103
466,130
466,215
466,289
466,664
466,717
466,869
466,953
467,600
467,734
467,806
467,909
468,101
468,150
468,191
468,499
468,655
468,805
468,848
469,127
469,220
469,389
469,565
469,622
470,150
470,203
470,865
471,49
471,165
471,194
471,597
471,619
471,858
471,887
472,389
472,423
473,456
473,511
473,755
474,163
474,221
474,230
474,277
474,900
474,909
474,981
475,145
476,32
476,93
476,458
476,538
476,713
476,749
477,847
478,269
478,308
478,830
480,204
480,580
480,653
480,710
481,14
481,176
481,616
481,662
481,685
481,906
481,963
482,40
482,565
482,711
482,763
483,74
484,47
484,402
484,514
484,529
484,536
484,587
484,825
484,880
484,963
484,971
485,537
485,868
485,964
486,61
486,79
486,81
486,158
486,186
486,240
486,467
487,802
487,827
488,383
488,560
488,636
488,644
488,765
488,784
488,872
489,43
489,163
489,466
489,822
491,54
491,508
491,664
492,149
492,739
492,956
493,115
493,146
493,166
493,723
495,199
495,755
495,771
495,859
495,931
497,232
497,279
497,706
497,823
498,170
498,210
498,654
499,34
499,468
499,655
499,815
500,375
500,651
500,929
501,321
501,489
501,851
501,940
502,497
504,733
504,749
505,201
505,329
505,418
505,464
505,482
505,819
505,834
506,211
506,670
506,702
506,766
507,35
507,64
507,76
507,156
507,213
507,643
507,776
508,32
508,54
508,383
508,444
508,452
508,491
508,693
508,871
509,369
509,539
509,844
509,888
510,102
510,110
510,213
510,824
511,158
511,360
511,402
511,811
512,28
512,401
512,561
512,591
512,928
513,672
514,47
514,155
514,260
514,429
514,484
514,596
516,252
516,300
516,615
516,789
516,946
517,50
517,734
517,998
518,789
519,104
519,990
521,43
522,139
522,239
522,337
522,931
522,978
523,671
523,752
524,295
524,398
526,189
526,300
526,413
527,253
527,338
528,516
528,755
528,886
528,958
529,248
529,484
529,556
529,748
529,825
529,962
530,547
532,161
532,183
532,201
532,498
532,575
532,775
532,846
532,975
532,976
534,37
534,159
534,186
534,220
534,281
534,577
534,607
534,822
535,264
535,788
535,902
535,904
536,402
536,415
536,484
536,669
536,788
536,946
536,968
537,187
537,485
537,560
537,576
537,709
537,964
538,134
538,144
539,39
539,509
539,523
539,575
539,888
539,994
540,437
541,18
541,102
541,928
542,979
543,105
543,208
543,245
543,666
543,669
543,711
543,831
545,723
545,778
545,942
546,324
546,570
546,875
547,10
547,183
547,190
547,251
547,322
547,913
548,86
548,242
548,301
548,319
548,489
548,625
548,650
549,183
549,225
549,278
549,707
549,939
550,249
550,368
550,391
550,403
550,460
550,850
550,889
550,924
551,40
551,144
551,177
551,264
551,535
551,920
554,31
554,199
554,249
554,261
554,278
555,142
555,921
556,82
556,93
556,394
556,409
556,565
556,736
556,809
558,214
558,364
558,403
558,408
558,584
558,727
559,14
559,81
559,201
559,246
559,333
559,657
560,65
560,132
560,488
560,651
560,716
560,765
560,950
561,277
561,300
561,313
561,351
561,394
561,398
561,520
561,640
561,732
561,755
562,8
563,157
563,309
563,407
563,540
563,796
564,312
564,785
565,29
565,40
565,151
565,389
565,469
565,482
565,782
565,850
566,168
566,207
566,623
566,855
567,246
567,284
567,868
567,877
567,964
568,56
568,230
568,535
568,683
568,996
569,322
569,611
569,767
569,855
569,910
570,465
570,546
570,873
570,875
571,389
571,662
571,689
571,944
572,25
572,68
572,194
572,228
572,396
572,825
573,179
574,4
574,39
574,153
575,46
575,334
575,384
575,532
575,668
575,775
575,785
576,606
576,962
577,41
577,455
577,486
577,554
577,925
578,64
578,262
578,417
578,647
578,913
579,233
579,286
579,796
580,103
580,204
580,415
580,480
580,575
581,149
581,243
581,318
581,369
581,627
581,820
581,864
582,243
582,480
583,125
583,222
584,320
584,324
584,336
584,408
584,558
584,989
585,30
585,328
585,706
586,50
587,111
587,211
587,748
587,885
588,41
588,242
588,426
588,454
588,508
588,674
588,955
589,724
589,881
590,32
590,186
590,243
590,454
590,711
590,723
590,786
590,968
591,374
591,575
591,796
591,999
592,101
592,108
592,273
592,400
592,872
593,652
593,916
594,327
594,827
594,902
595,684
595,771
595,830
595,884
596,227
596,516
596,574
596,907
596,926
597,126
597,177
597,256
597,411
598,478
598,570
598,728
599,101
599,119
599,395
600,402
600,768
600,845
600,847
600,948
601,850
602,306
602,335
602,368
602,590
602,881
604,373
605,167
605,769
605,791
605,818
605,838
605,928
606,7
606,402
607,337
607,345
607,694
607,773
607,892
608,113
608,136
608,193
608,301
608,816
609,248
609,758
609,956
610,118
610,713
610,780
611,122
611,672
611,980
612,62
612,248
612,836
613,182
613,419
613,814
613,946
613,990
614,398
614,569
614,701
614,731
614,896
614,921
615,56
615,300
615,516
616,47
616,184
616,204
616,255
616,481
616,685
616,758
618,111
618,129
618,194
618,248
618,287
618,419
618,661
619,47
619,361
619,365
619,471
619,667
619,887
620,104
620,346
620,357
620,628
620,713
620,719
620,902
620,946
621,605
621,662
622,13
622,231
622,529
622,607
623,112
623,218
623,457
623,721
624,508
624,767
625,86
625,541
625,548
625,645
625,766
626,257
627,76
627,188
627,895
627,911
628,75
628,357
628,380
628,412
628,571
628,620
628,821
628,824
629,566
629,611
629,728
630,861
631,104
631,147
631,279
631,311
631,505
631,725
631,977
632,293
632,310
632,568
632,638
632,805
633,218
633,883
635,216
635,327
635,720
635,790
635,803
635,809
636,14
636,23
636,195
636,409
636,820
637,11
637,715
638,366
638,525
639,352
639,548
639,823
640,162
640,289
640,483
640,571
640,641
641,289
641,640
641,778
641,869
642,172
642,191
642,543
642,777
642,902
642,974
643,53
643,156
643,348
643,507
643,849
643,858
643,911
644,70
644,216
644,251
644,488
644,540
644,871
644,872
644,888
645,385
645,633
645,720
645,938
646,34
646,90
646,700
647,101
647,884
648,451
648,627
649,216
649,374
649,840
650,708
651,150
652,170
653,27
653,139
653,989
654,4
654,188
654,561
654,606
654,705
654,757
655,468
655,499
656,333
656,677
656,803
657,8
657,61
657,246
657,271
657,295
657,501
657,559
657,987
659,204
659,218
659,336
659,623
660,117
661,87
661,330
661,951
661,974
662,346
662,481
662,721
662,882
662,963
663,148
663,185
663,776
663,782
663,937
664,44
664,269
664,289
664,349
664,429
664,466
664,936
664,984
665,180
666,384
666,988
667,185
667,374
668,112
668,404
668,908
669,105
669,210
669,543
670,211
670,279
670,506
670,580
670,746
670,978
671,523
671,752
671,905
672,185
672,323
672,937
672,971
673,389
673,785
673,889
674,414
674,804
674,997
676,176
676,201
676,412
676,540
676,668
676,690
677,543
677,785
677,827
678,57
678,759
678,872
678,956
679,42
679,64
679,763
679,822
680,31
680,500
681,335
682,529
683,188
683,220
683,691
684,37
684,377
684,559
684,737
685,128
685,481
685,616
686,99
686,400
687,249
687,510
687,792
687,819
687,839
688,196
688,559
688,873
689,152
689,491
689,865
689,905
690,118
690,347
690,734
691,495
691,753
692,110
692,184
692,248
692,417
692,712
692,811
692,836
693,32
693,231
693,360
693,508
694,213
694,286
694,337
694,400
694,438
694,476
694,607
694,618
694,826
694,891
695,295
695,310
695,690
696,1
696,99
696,364
696,659
696,871
696,981
697,169
697,290
697,471
697,685
697,911
698,139
698,306
698,360
698,382
699,15
699,554
699,781
699,878
699,900
699,969
700,275
700,593
700,745
700,763
700,853
701,102
701,614
701,731
701,847
702,824
702,969
703,55
703,498
704,811
704,951
705,188
705,654
705,723
706,282
706,317
706,497
706,592
706,806
706,823
707,278
707,486
707,549
708,768
709,107
709,200
709,231
710,443
710,508
710,923
712,197
712,249
712,472
712,692
712,714
712,811
713,52
713,179
713,610
713,620
713,780
713,946
714,197
714,212
714,273
714,516
714,712
714,768
714,784
714,987
715,123
715,312
715,585
715,744
716,65
716,258
716,560
716,641
716,746
717,130
717,466
717,650
717,944
718,284
719,30
719,104
719,260
719,361
719,552
719,635
719,792
719,953
720,51
720,65
720,211
720,346
720,422
720,561
720,635
720,809
720,831
720,866
721,62
721,112
721,346
721,368
721,623
721,662
722,50
722,221
722,622
722,965
722,981
723,75
723,115
723,493
724,28
724,408
724,634
724,695
724,840
725,63
725,147
725,434
725,631
725,937
726,91
726,185
726,258
726,361
726,632
726,736
727,403
727,407
727,558
727,840
727,902
729,201
729,843
729,908
730,444
731,565
731,614
731,701
731,949
732,49
732,133
732,341
732,938
733,35
733,504
733,749
734,50
734,319
734,467
734,517
734,806
735,80
735,537
736,258
736,726
736,975
737,403
737,743
737,768
737,969
738,796
738,905
739,371
739,425
739,492
739,502
739,645
739,787
739,956
739,985
740,325
740,650
741,285
741,419
741,869
744,182
744,551
744,922
745,34
745,659
745,905
746,258
746,530
746,596
746,716
746,748
747,278
747,597
747,650
747,932
747,996
748,211
748,234
748,257
748,402
748,572
748,587
748,730
749,192
749,504
749,733
749,825
749,833
750,760
750,854
752,523
752,671
753,5
753,912
754,318
755,38
755,131
755,199
755,300
755,312
755,456
755,473
755,495
755,561
756,279
757,126
757,133
757,193
757,199
757,259
757,697
757,992
758,215
758,248
758,255
758,609
758,616
759,188
760,461
761,854
762,690
763,109
763,359
763,770
763,906
764,960
765,102
765,109
765,143
765,286
765,488
765,560
765,931
766,280
766,415
766,428
766,476
766,634
767,59
767,139
767,220
767,269
767,968
768,158
768,171
768,273
768,364
768,714
768,737
768,969
769,27
769,85
769,173
769,758
769,784
769,858
769,920
770,11
770,454
770,784
771,99
771,382
771,495
771,859
772,338
773,203
773,247
773,271
773,429
773,607
773,892
773,928
774,125
774,449
774,641
774,881
775,415
775,507
775,532
775,575
775,610
775,783
775,978
776,26
776,369
776,647
776,663
776,937
776,946
777,161
777,170
777,224
777,274
777,377
777,423
777,642
777,684
777,974
778,53
778,180
778,285
778,844
778,980
779,36
779,63
779,127
779,415
779,626
779,732
780,610
780,713
780,728
780,808
780,856
781,56
781,322
781,400
781,699
781,969
781,992
782,29
782,202
782,294
782,464
782,565
782,838
783,142
783,209
783,362
783,735
783,769
783,812
784,28
784,135
784,714
784,764
784,769
784,846
784,920
784,987
785,189
785,351
785,526
785,673
785,790
785,889
785,906
786,1
786,77
786,186
786,269
786,353
786,515
786,590
787,67
787,739
787,750
787,872
787,985
788,26
789,252
789,516
789,587
789,654
790,189
790,216
790,324
790,536
790,635
790,668
790,785
790,909
791,271
791,323
791,385
791,517
791,605
791,789
791,834
791,838
791,861
792,104
792,378
792,719
792,892
793,398
793,450
793,768
793,855
794,72
795,95
795,415
795,663
796,591
796,834
796,999
797,70
797,312
797,322
797,824
797,898
799,167
799,770
800,186
801,112
801,218
801,999
802,154
802,183
802,215
802,292
802,364
802,449
802,585
802,741
802,841
802,998
803,107
803,333
803,656
804,66
804,185
804,214
804,414
804,674
805,191
805,264
805,368
805,373
805,468
805,730
806,160
806,467
806,734
806,831
806,859
807,348
808,780
808,856
809,1
809,82
809,433
809,556
809,576
809,635
809,676
809,720
809,870
809,918
810,577
810,680
810,896
811,692
811,712
812,362
812,783
814,124
814,210
815,564
816,177
816,222
818,120
818,311
818,628
819,769
819,867
820,195
820,636
821,628
821,824
822,37
822,42
822,534
822,679
823,296
823,497
823,531
823,537
823,600
823,649
823,706
824,75
824,312
824,628
824,797
824,821
824,943
824,993
825,396
825,401
825,484
825,529
825,572
825,675
825,834
826,267
826,400
826,522
826,694
826,801
826,998
827,39
827,327
827,344
827,382
827,406
827,539
827,594
828,413
828,627
828,786
829,8
829,434
830,118
830,172
830,668
831,51
831,338
831,357
831,720
832,58
832,124
832,133
832,185
832,220
832,334
833,192
833,749
833,929
833,957
834,96
834,116
834,271
834,343
834,464
834,505
834,734
834,791
834,871
834,964
835,184
835,774
835,988
836,240
836,248
836,389
836,606
836,612
836,894
836,954
837,696
837,866
838,65
838,211
838,294
838,605
838,782
838,791
839,189
839,793
839,817
840,36
840,216
840,649
840,727
840,814
840,902
841,12
842,32
842,377
842,777
843,142
843,290
843,373
843,718
843,729
843,908
843,940
844,122
844,207
844,246
845,585
845,811
845,901
846,201
846,451
846,459
846,532
847,402
847,600
848,176
848,587
849,691
851,276
852,803
854,64
855,207
855,263
855,566
855,569
855,640
855,910
856,118
856,246
856,285
856,297
856,780
856,808
856,860
857,238
857,436
857,867
857,997
858,53
858,643
859,15
859,303
859,310
859,495
859,771
860,742
861,323
861,584
861,791
862,211
862,618
862,813
863,266
863,417
863,639
863,990
864,243
864,260
864,457
864,581
864,632
864,882
865,140
865,150
865,470
865,537
865,580
865,689
865,870
865,905
866,140
866,272
866,890
866,956
867,275
867,278
867,683
867,873
868,136
868,225
868,336
868,737
869,135
869,285
869,466
869,741
869,953
870,76
870,909
871,444
871,508
871,696
871,857
872,4
872,39
872,101
872,401
872,474
872,488
872,592
872,644
872,904
872,927
872,949
872,960
873,198
873,259
873,948
874,77
874,185
874,424
874,473
875,180
875,546
875,570
876,100
876,192
876,432
876,718
876,816
877,40
877,198
877,470
877,785
877,986
878,15
878,172
878,298
878,415
878,434
878,699
878,717
879,59
879,117
879,360
879,499
879,507
880,383
880,395
881,363
881,759
882,807
882,906
882,958
883,94
883,257
883,259
883,387
883,853
883,960
883,989
884,101
884,412
884,647
884,818
884,896
884,989
885,925
886,496
887,23
887,61
887,117
887,447
887,471
887,619
887,720
888,129
888,188
888,251
888,255
888,445
888,509
888,539
888,644
888,909
889,201
889,403
889,550
889,600
889,673
889,785
889,852
890,62
890,448
890,559
891,40
891,719
892,32
892,448
892,607
892,773
893,72
893,170
893,358
893,449
893,933
894,931
895,76
895,191
895,207
895,627
895,632
896,412
896,776
896,884
897,48
897,550
897,777
898,681
898,682
900,119
900,403
900,724
901,210
901,219
901,665
901,804
902,529
902,535
902,727
902,840
902,902
902,904
903,643
903,972
904,535
904,766
904,902
904,972
905,55
905,68
905,183
905,689
905,709
905,865
905,971
906,351
906,626
906,709
906,785
906,788
907,665
907,860
907,863
908,119
908,196
908,729
908,843
908,937
909,324
909,445
909,734
909,790
909,888
909,890
910,40
910,64
910,117
910,214
910,242
910,291
910,296
910,569
910,855
911,87
911,223
911,290
911,348
911,643
911,697
911,751
912,430
912,558
913,40
913,262
913,578
913,591
913,650
914,89
914,308
914,452
915,62
916,61
916,155
916,160
916,360
916,920
917,428
917,429
917,650
918,1
918,119
918,389
918,504
918,809
919,506
919,908
920,177
920,551
920,589
920,769
920,784
921,140
921,874
922,182
922,338
922,744
923,339
923,430
923,443
923,570
923,710
924,29
924,69
924,94
924,233
924,362
924,553
924,693
925,455
925,577
925,747
926,834
926,954
928,102
928,247
928,401
928,512
928,541
928,773
928,978
929,463
929,566
929,809
930,790
930,834
930,851
930,988
931,38
931,99
931,102
931,239
931,522
931,765
931,874
932,90
932,368
932,611
933,72
933,189
933,232
933,342
933,635
933,893
934,730
935,38
935,76
935,562
935,967
936,349
936,570
936,664
937,609
937,663
937,672
937,776
937,971
938,49
938,732
940,290
940,322
940,823
940,843
940,967
941,419
942,133
942,827
942,975
942,996
943,40
943,861
943,962
944,265
944,794
945,266
946,167
946,275
946,591
946,613
946,620
946,713
946,990
947,41
947,81
947,225
947,317
947,528
947,881
948,180
948,517
948,530
948,627
948,649
949,9
949,192
949,401
949,402
949,788
949,872
950,132
950,560
952,573
953,260
953,466
953,719
953,869
953,923
954,51
954,959
955,285
955,331
955,384
955,668
955,757
955,845
956,340
956,342
956,492
956,739
956,855
956,975
958,11
958,49
958,907
959,51
959,236
959,369
959,954
960,58
960,717
960,883
960,989
960,997
961,172
961,299
961,377
962,40
962,943
962,995
963,261
963,264
963,481
963,583
963,662
964,252
964,406
964,485
964,537
965,886
966,755
966,908
966,998
967,76
967,230
967,322
967,437
967,874
967,889
967,935
967,940
968,32
968,214
968,590
968,736
969,699
969,737
969,768
969,781
969,900
970,117
970,380
970,436
970,919
970,987
971,44
971,183
971,672
971,760
971,807
971,905
971,937
973,439
974,87
974,620
974,642
974,661
974,777
975,198
975,301
975,434
975,493
975,566
975,746
975,942
975,946
975,996
976,385
976,633
976,957
977,344
977,362
977,405
977,480
977,593
977,952
977,981
978,279
978,337
978,522
978,670
979,256
979,330
979,362
980,208
980,285
980,538
980,558
980,778
980,915
981,50
981,324
981,405
981,722
981,977
982,27
982,220
982,320
983,48
983,971
984,86
984,258
984,259
984,496
985,231
985,295
985,581
985,739
985,787
985,951
986,410
986,762
987,348
987,380
987,714
987,784
987,925
987,970
988,184
988,384
988,404
988,512
988,666
988,835
988,882
989,259
989,766
989,883
989,960
990,247
990,372
990,417
990,613
990,863
990,946
991,247
991,586
991,702
991,833
991,931
992,126
992,251
992,757
993,325
993,832
994,305
994,808
995,321
995,762
996,287
996,942
996,975
997,436
997,857
997,958
998,170
998,622
998,705
998,836
999,7
999,272
999,551
999,591
999,796
