from,to
U7788,U7715
U7788,U7740
U7788,U7739
U7788,U7756
U7788,U7705
U7788,U7710
U7788,U7722
U7788,U7778
U7788,U7780
U7788,U7724
U7788,U7743
U7788,U7748
U7788,U7747
U7788,U7717
U7788,U7805
U7788,U7771
U7788,U7777
U7788,U7712
U7788,U7738
U7788,U7728
U7788,U7709
U7788,U7755
U7788,U7764
U7788,U7726
U7788,U7736
U7788,U7760
U7788,U7720
U7780,U7709
U7780,U7760
U7780,U7714
U7780,U7788
U7780,U7726
U7780,U7775
U7780,U7719
U7780,U7768
U7780,U7769
U7780,U7747
U7780,U7781
U7780,U7727
U7780,U7742
U7780,U7740
U7780,U7758
U7780,U7705
U7780,U7797
U7780,U7760
U7780,U7769
U7780,U9414
U7780,U9410
U7780,U7719
U7780,U9423
U7780,U7709
U7780,U7705
U7780,U7726
U7780,U9447
U7780,U9406
U7780,U7747
U7780,U7775
U7780,U9439
U7780,U7758
U7780,U9409
U7780,U9449
U7780,U9405
U7780,U7740
U7780,U24851
U7780,U24891
U7780,U24842
U7780,U24788
U7780,U7758
U7780,U7705
U7780,U24796
U7780,U24928
U7780,U19754
U7780,U24870
U7780,U24827
U7780,U24882
U7780,U15127
U7780,U24792
U7780,U24864
U7780,U24849
U7780,U24932
U7780,U24801
U7780,U24855
U7780,U24798
U7780,U9406
U7780,U7760
U7780,U24848
U7780,U17402
U7780,U7797
U7780,U24797
U7780,U24817
U7780,U24805
U7780,U24839
U7780,U24789
U7780,U7768
U7780,U7726
U7780,U7727
U7781,U7748
U7781,U7760
U7781,U7770
U7781,U7742
U7781,U7791
U7781,U7705
U7781,U7754
U7781,U7727
U7781,U7780
U7781,U15127
U7781,U15045
U7781,U15083
U7781,U15075
U7781,U15084
U7781,U7770
U7781,U7705
U7781,U19781
U7781,U7754
U7781,U19759
U7781,U19757
U7781,U9424
U7786,U7721
U7786,U7724
U7786,U7739
U7786,U7723
U7786,U7772
U7786,U7718
U7786,U7755
U7786,U7729
U7786,U7746
U7786,U7783
U7786,U7713
U7786,U7712
U7786,U7720
U7786,U7730
U7786,U7738
U7786,U7731
U7786,U7773
U7786,U7705
U7786,U7733
U7755,U7732
U7755,U7706
U7755,U7707
U7755,U7711
U7755,U7782
U7755,U7764
U7755,U7730
U7755,U7728
U7755,U7733
U7755,U7724
U7755,U7712
U7755,U7786
U7755,U7710
U7755,U7778
U7755,U7731
U7755,U7713
U7755,U7720
U7755,U7734
U7755,U7738
U7755,U7777
U7755,U7717
U7755,U7705
U7755,U7743
U7755,U7746
U7755,U7756
U7755,U7739
U7755,U7767
U7755,U7736
U7755,U7788
U7755,U7773
U7755,U7753
U7755,U7723
U7755,U7721
U7748,U7749
U7748,U7744
U7748,U7770
U7748,U7781
U7748,U7709
U7748,U7705
U7748,U7708
U7748,U7788
U7748,U7740
U7748,U7784
U7748,U7719
U7748,U7742
U7748,U7727
U7748,U7715
U7748,U7775
U7748,U7758
U7748,U7760
U7748,U7726
U7748,U7747
U7748,U7726
U7748,U21759
U7748,U7740
U7748,U9413
U7748,U7770
U7748,U7708
U7748,U21762
U7748,U9406
U7749,U7748
U7749,U7760
U7749,U7714
U7749,U7796
U7749,U7747
U7749,U7804
U7749,U7705
U7749,U7771
U7749,U7739
U7749,U7742
U7749,U7744
U7749,U7725
U7749,U7705
U7749,U7760
U7749,U7725
U7749,U17412
U7744,U7726
U7744,U7748
U7744,U7747
U7744,U7776
U7744,U7758
U7744,U7740
U7744,U7768
U7744,U7741
U7744,U7742
U7744,U7705
U7744,U7715
U7744,U7760
U7744,U7727
U7744,U7749
U7744,U7739
U7744,U7763
U7744,U7769
U7744,U7790
U7744,U9408
U7744,U7705
U7744,U9460
U7744,U7758
U7744,U7726
U7744,U9403
U7744,U9448
U7744,U9406
U7744,U9451
U7744,U9479
U7744,U9414
U7744,U9405
U7744,U7741
U7744,U9407
U7744,U9426
U7744,U7760
U7744,U9439
U7744,U9410
U7744,U7747
U7744,U7769
U7744,U9417
U7744,U9409
U7744,U9447
U7744,U7715
U7744,U7740
U7745,U7746
U7745,U7705
U7745,U7756
U7745,U7720
U7745,U7747
U7745,U7709
U7745,U7738
U7745,U7778
U7745,U7774
U7745,U7760
U7745,U7779
U7742,U7708
U7742,U7776
U7742,U7714
U7742,U7758
U7742,U7760
U7742,U7781
U7742,U7740
U7742,U7727
U7742,U7744
U7742,U7779
U7742,U7747
U7742,U7775
U7742,U7790
U7742,U7768
U7742,U7719
U7742,U7726
U7742,U7748
U7742,U7715
U7742,U7770
U7742,U7705
U7742,U7749
U7742,U7780
U7743,U7705
U7743,U7734
U7743,U7719
U7743,U7736
U7743,U7738
U7743,U7724
U7743,U7706
U7743,U7788
U7743,U7722
U7743,U7707
U7743,U7778
U7743,U7711
U7743,U7777
U7743,U7757
U7743,U7714
U7743,U7755
U7743,U7720
U7743,U7762
U7743,U7721
U7743,U7753
U7743,U7756
U7740,U7741
U7740,U7715
U7740,U7709
U7740,U7760
U7740,U7768
U7740,U7779
U7740,U7769
U7740,U7788
U7740,U7790
U7740,U7726
U7740,U7719
U7740,U7775
U7740,U7744
U7740,U7763
U7740,U7747
U7740,U7727
U7740,U7770
U7740,U7705
U7740,U7742
U7740,U7784
U7740,U7708
U7740,U7748
U7740,U7774
U7740,U7758
U7740,U7780
U7740,U9426
U7740,U9405
U7740,U9403
U7740,U9410
U7740,U7758
U7740,U7726
U7740,U9487
U7740,U9417
U7740,U9439
U7740,U7708
U7740,U9414
U7740,U7715
U7740,U9479
U7740,U7747
U7740,U7779
U7740,U7760
U7740,U7775
U7740,U7705
U7740,U7769
U7740,U7709
U7740,U7719
U7740,U9413
U7740,U9406
U7740,U7741
U7740,U7770
U7740,U9459
U7740,U7780
U7740,U7744
U7740,U21762
U7740,U21775
U7740,U15110
U7740,U21759
U7740,U21785
U7740,U7726
U7740,U7708
U7740,U7748
U7740,U7768
U7740,U7770
U7740,U9413
U7740,U9406
U7740,U21781
U7756,U7717
U7756,U7712
U7756,U7764
U7756,U7720
U7756,U7788
U7756,U7732
U7756,U7745
U7756,U7772
U7756,U7777
U7756,U7801
U7756,U7728
U7756,U7733
U7756,U7724
U7756,U7722
U7756,U7706
U7756,U7705
U7756,U7753
U7756,U7759
U7756,U7738
U7756,U7710
U7756,U7755
U7756,U7782
U7756,U7743
U7756,U7711
U7756,U7707
U7756,U7736
U7753,U7736
U7753,U7732
U7753,U7712
U7753,U7783
U7753,U7733
U7753,U7721
U7753,U7751
U7753,U7801
U7753,U7773
U7753,U7705
U7753,U7756
U7753,U7757
U7753,U7772
U7753,U7707
U7753,U7734
U7753,U7719
U7753,U7755
U7753,U7743
U7753,U7738
U7706,U7707
U7706,U7722
U7706,U7755
U7706,U7717
U7706,U7743
U7706,U7777
U7706,U7756
U7706,U7721
U7706,U7738
U7706,U7711
U7706,U7736
U7706,U7778
U7706,U7724
U7706,U7705
U7706,U7733
U7707,U7706
U7707,U7721
U7707,U7710
U7707,U7755
U7707,U7778
U7707,U7738
U7707,U7711
U7707,U7705
U7707,U7782
U7707,U7720
U7707,U7746
U7707,U7728
U7707,U7737
U7707,U7759
U7707,U7733
U7707,U7743
U7707,U7722
U7707,U7764
U7707,U7767
U7707,U7736
U7707,U7777
U7707,U7772
U7707,U7753
U7707,U7735
U7707,U7713
U7707,U7717
U7707,U7756
U7707,U7724
U7705,U7716
U7705,U7728
U7705,U7717
U7705,U7743
U7705,U7750
U7705,U7718
U7705,U7763
U7705,U7725
U7705,U7730
U7705,U7733
U7705,U7737
U7705,U7729
U7705,U7785
U7705,U7748
U7705,U7764
U7705,U7752
U7705,U7726
U7705,U7789
U7705,U7776
U7705,U7762
U7705,U7768
U7705,U7791
U7705,U7754
U7705,U7757
U7705,U7787
U7705,U7792
U7705,U7707
U7705,U7708
U7705,U7794
U7705,U7769
U7705,U7745
U7705,U7795
U7705,U7734
U7705,U7714
U7705,U7796
U7705,U7788
U7705,U7713
U7705,U7731
U7705,U7798
U7705,U7735
U7705,U7790
U7705,U7751
U7705,U7802
U7705,U7803
U7705,U7740
U7705,U7732
U7705,U7770
U7705,U7783
U7705,U7712
U7705,U7797
U7705,U7756
U7705,U7753
U7705,U7710
U7705,U7744
U7705,U7741
U7705,U7749
U7705,U7771
U7705,U7807
U7705,U7739
U7705,U7736
U7705,U7738
U7705,U7709
U7705,U7801
U7705,U7782
U7705,U7720
U7705,U7722
U7705,U7781
U7705,U7721
U7705,U7765
U7705,U7784
U7705,U7715
U7705,U7805
U7705,U7775
U7705,U7808
U7705,U7793
U7705,U7804
U7705,U7799
U7705,U7809
U7705,U7755
U7705,U7758
U7705,U7806
U7705,U7747
U7705,U7766
U7705,U7742
U7705,U7778
U7705,U7724
U7705,U7800
U7705,U7759
U7705,U7711
U7705,U7773
U7705,U7719
U7705,U7761
U7705,U7746
U7705,U7727
U7705,U7810
U7705,U7786
U7705,U7777
U7705,U7811
U7705,U7723
U7705,U7767
U7705,U7772
U7705,U7774
U7705,U7706
U7705,U7779
U7705,U7780
U7705,U7760
U7705,U7744
U7705,U7715
U7705,U7758
U7705,U7760
U7705,U7709
U7705,U7780
U7705,U7779
U7705,U7747
U7705,U7740
U7705,U7775
U7705,U7770
U7705,U7726
U7705,U7708
U7705,U7741
U7705,U7769
U7705,U7719
U7705,U7749
U7705,U7725
U7705,U7726
U7705,U7760
U7705,U7708
U7705,U7726
U7705,U7781
U7705,U7754
U7705,U7806
U7705,U7741
U7705,U7760
U7705,U7739
U7705,U7760
U7705,U7758
U7705,U7780
U7705,U7715
U7705,U7726
U7705,U7727
U7705,U7797
U7705,U7768
U24839,U24826
U24839,U24837
U24839,U24838
U24839,U7797
U24839,U7780
U24839,U15127
U24839,U24827
U24827,U24826
U24827,U24805
U24827,U19786
U24827,U24899
U24827,U24796
U24827,U7797
U24827,U24933
U24827,U7780
U24827,U24851
U24827,U24850
U24827,U24838
U24827,U24837
U24827,U24846
U24827,U15127
U24827,U24839
U24827,U24867
U7778,U7707
U7778,U7720
U7778,U7777
U7778,U7724
U7778,U7738
U7778,U7767
U7778,U7764
U7778,U7755
U7778,U7788
U7778,U7722
U7778,U7719
U7778,U7736
U7778,U7743
U7778,U7746
U7778,U7733
U7778,U7705
U7778,U7713
U7778,U7745
U7778,U7776
U7778,U7706
U7773,U7772
U7773,U7739
U7773,U7730
U7773,U7712
U7773,U7733
U7773,U7753
U7773,U7723
U7773,U7720
U7773,U7746
U7773,U7786
U7773,U7705
U7773,U7731
U7773,U7755
U7773,U7783
U7772,U7773
U7772,U7783
U7772,U7786
U7772,U7756
U7772,U7799
U7772,U7734
U7772,U7733
U7772,U7716
U7772,U7707
U7772,U7753
U7772,U7736
U7772,U7801
U7772,U7712
U7772,U7705
U7772,U7721
U7771,U7719
U7771,U7777
U7771,U7705
U7771,U7788
U7771,U7760
U7771,U7749
U7771,U7714
U7771,U7804
U7770,U7748
U7770,U7784
U7770,U7708
U7770,U7741
U7770,U7726
U7770,U7740
U7770,U7781
U7770,U7747
U7770,U7739
U7770,U7705
U7770,U7715
U7770,U7760
U7770,U7719
U7770,U7779
U7770,U7758
U7770,U7742
U7770,U7769
U7770,U7709
U7770,U7715
U7770,U9416
U7770,U9426
U7770,U7747
U7770,U7769
U7770,U7709
U7770,U7741
U7770,U9406
U7770,U7760
U7770,U9420
U7770,U7726
U7770,U7758
U7770,U7708
U7770,U7705
U7770,U7719
U7770,U7779
U7770,U7740
U7770,U9424
U7770,U9413
U7770,U7779
U7770,U15110
U7770,U15075
U7770,U15103
U7770,U15144
U7770,U15053
U7770,U7726
U7770,U15083
U7770,U15074
U7770,U9406
U7770,U15104
U7770,U7781
U7770,U15045
U7770,U15084
U7770,U15110
U7770,U9406
U7770,U21762
U7770,U7708
U7770,U7726
U7770,U21785
U7770,U21759
U7770,U7740
U7770,U7748
U7770,U9413
U7770,U21781
U7777,U7722
U7777,U7778
U7777,U7738
U7777,U7756
U7777,U7736
U7777,U7706
U7777,U7724
U7777,U7719
U7777,U7771
U7777,U7743
U7777,U7788
U7777,U7707
U7777,U7782
U7777,U7755
U7777,U7717
U7777,U7720
U7777,U7705
U7777,U7721
U17402,U17396
U17402,U17408
U17402,U17409
U17402,U7760
U17402,U17401
U17402,U17414
U17402,U7725
U17402,U17405
U17402,U17406
U17402,U17399
U17402,U17397
U17402,U24786
U17402,U24868
U17402,U7727
U17402,U24876
U17402,U24847
U17402,U7758
U17402,U24862
U17402,U24823
U17402,U24804
U17402,U24800
U17402,U24793
U17402,U7780
U17402,U7715
U17402,U7797
U17402,U24855
U17402,U24788
U17402,U24797
U17402,U7760
U17402,U24821
U7739,U7738
U7739,U7754
U7739,U7773
U7739,U7730
U7739,U7788
U7739,U7786
U7739,U7770
U7739,U7705
U7739,U7733
U7739,U7760
U7739,U7723
U7739,U7749
U7739,U7731
U7739,U7799
U7739,U7755
U7739,U7714
U7739,U7744
U7739,U7717
U7739,U19759
U7739,U19765
U7739,U9485
U7739,U7760
U7739,U19753
U7739,U19781
U7739,U7754
U7739,U7705
U7738,U7739
U7738,U7736
U7738,U7767
U7738,U7707
U7738,U7719
U7738,U7721
U7738,U7720
U7738,U7777
U7738,U7778
U7738,U7711
U7738,U7743
U7738,U7724
U7738,U7717
U7738,U7712
U7738,U7705
U7738,U7710
U7738,U7755
U7738,U7728
U7738,U7756
U7738,U7764
U7738,U7733
U7738,U7706
U7738,U7745
U7738,U7788
U7738,U7786
U7738,U7722
U7738,U7762
U7738,U7723
U7738,U7734
U7738,U7753
U7738,U7801
U7738,U7782
U7736,U7737
U7736,U7710
U7736,U7753
U7736,U7732
U7736,U7714
U7736,U7738
U7736,U7711
U7736,U7752
U7736,U7759
U7736,U7712
U7736,U7764
U7736,U7743
U7736,U7793
U7736,U7777
U7736,U7717
U7736,U7734
U7736,U7778
U7736,U7722
U7736,U7733
U7736,U7720
U7736,U7729
U7736,U7767
U7736,U7705
U7736,U7707
U7736,U7724
U7736,U7757
U7736,U7719
U7736,U7728
U7736,U7772
U7736,U7755
U7736,U7706
U7736,U7782
U7736,U7788
U7736,U7718
U7736,U7721
U7736,U7783
U7736,U7756
U7736,U7730
U7734,U7720
U7734,U7762
U7734,U7743
U7734,U7719
U7734,U7705
U7734,U7772
U7734,U7714
U7734,U7736
U7734,U7799
U7734,U7757
U7734,U7755
U7734,U7801
U7734,U7753
U7734,U7738
U7734,U7712
U7732,U7721
U7732,U7736
U7732,U7755
U7732,U7753
U7732,U7729
U7732,U7756
U7732,U7720
U7732,U7718
U7732,U7705
U7732,U7712
U7732,U7762
U7732,U7730
U7731,U7730
U7731,U7779
U7731,U7783
U7731,U7712
U7731,U7718
U7731,U7705
U7731,U7746
U7731,U7726
U7731,U7723
U7731,U7755
U7731,U7733
U7731,U7739
U7731,U7786
U7731,U7773
U7730,U7729
U7730,U7731
U7730,U7733
U7730,U7717
U7730,U7705
U7730,U7721
U7730,U7739
U7730,U7755
U7730,U7783
U7730,U7746
U7730,U7773
U7730,U7713
U7730,U7718
U7730,U7751
U7730,U7724
U7730,U7786
U7730,U7723
U7730,U7712
U7730,U7735
U7730,U7732
U7730,U7720
U7730,U7736
U7760,U7719
U7760,U7740
U7760,U7749
U7760,U7727
U7760,U7784
U7760,U7709
U7760,U7741
U7760,U7768
U7760,U7797
U7760,U7708
U7760,U7726
U7760,U7780
U7760,U7758
U7760,U7781
U7760,U7747
U7760,U7725
U7760,U7742
U7760,U7754
U7760,U7801
U7760,U7770
U7760,U7774
U7760,U7775
U7760,U7804
U7760,U7771
U7760,U7744
U7760,U7769
U7760,U7739
U7760,U7715
U7760,U7793
U7760,U7748
U7760,U7714
U7760,U7788
U7760,U7745
U7760,U7799
U7760,U7705
U7760,U9424
U7760,U9403
U7760,U9420
U7760,U9409
U7760,U7780
U7760,U9426
U7760,U9406
U7760,U9413
U7760,U7726
U7760,U7705
U7760,U7741
U7760,U9439
U7760,U7775
U7760,U7715
U7760,U7708
U7760,U7769
U7760,U7740
U7760,U9416
U7760,U9423
U7760,U7758
U7760,U7744
U7760,U7770
U7760,U7719
U7760,U9451
U7760,U9448
U7760,U7747
U7760,U9488
U7760,U9407
U7760,U9459
U7760,U9405
U7760,U7709
U7760,U7725
U7760,U7726
U7760,U17402
U7760,U17419
U7760,U7749
U7760,U7705
U7760,U7754
U7760,U9426
U7760,U19781
U7760,U19786
U7760,U9424
U7760,U7741
U7760,U19754
U7760,U7708
U7760,U7739
U7760,U19759
U7760,U7705
U7760,U7726
U7760,U24821
U7760,U7758
U7760,U24864
U7760,U7705
U7760,U24793
U7760,U19759
U7760,U24804
U7760,U24876
U7760,U24875
U7760,U9406
U7760,U24816
U7760,U9488
U7760,U7726
U7760,U24900
U7760,U24903
U7760,U24823
U7760,U24868
U7760,U9403
U7760,U7780
U7760,U24788
U7760,U24805
U7760,U19754
U7760,U24792
U7760,U7768
U7760,U24797
U7760,U9413
U7760,U24826
U7760,U7727
U7760,U17402
U7760,U7797
U7760,U24789
U7760,U7715
U7760,U24847
U7760,U24857
U7760,U19786
U7760,U24862
U7760,U24842
U7768,U7726
U7768,U7740
U7768,U7747
U7768,U7705
U7768,U7744
U7768,U7760
U7768,U7799
U7768,U7709
U7768,U7715
U7768,U7742
U7768,U7727
U7768,U7780
U7768,U7758
U7768,U7708
U7768,U7797
U7768,U7779
U7768,U7784
U7768,U7708
U7768,U7726
U7768,U9406
U7768,U15110
U7768,U21781
U7768,U9413
U7768,U21759
U7768,U7740
U7768,U21762
U7768,U24806
U7768,U7726
U7768,U24804
U7768,U7715
U7768,U24891
U7768,U7758
U7768,U24871
U7768,U7705
U7768,U7797
U7768,U9403
U7768,U9413
U7768,U7760
U7768,U9406
U7768,U24794
U7768,U19760
U7768,U7780
U7768,U7727
U7769,U7715
U7769,U7740
U7769,U7758
U7769,U7741
U7769,U7705
U7769,U7747
U7769,U7760
U7769,U7708
U7769,U7726
U7769,U7780
U7769,U7770
U7769,U7719
U7769,U7709
U7769,U7775
U7769,U7744
U7769,U7779
U7769,U9400
U7769,U9401
U7769,U9423
U7769,U9425
U7769,U9432
U7769,U9440
U7769,U9441
U7769,U9442
U7769,U9449
U7769,U9452
U7769,U7741
U7769,U9431
U7769,U9457
U7769,U7747
U7769,U9458
U7769,U9426
U7769,U7780
U7769,U7726
U7769,U9408
U7769,U9417
U7769,U7775
U7769,U9421
U7769,U9472
U7769,U9473
U7769,U9407
U7769,U9410
U7769,U9477
U7769,U9478
U7769,U9413
U7769,U9454
U7769,U9483
U7769,U9447
U7769,U9474
U7769,U9470
U7769,U9459
U7769,U9402
U7769,U9422
U7769,U9409
U7769,U9427
U7769,U9430
U7769,U9488
U7769,U9465
U7769,U7770
U7769,U9435
U7769,U7719
U7769,U9491
U7769,U9424
U7769,U9450
U7769,U9492
U7769,U9460
U7769,U9416
U7769,U9437
U7769,U9493
U7769,U9429
U7769,U9494
U7769,U9475
U7769,U9497
U7769,U9411
U7769,U9499
U7769,U7758
U7769,U9500
U7769,U9444
U7769,U7715
U7769,U9501
U7769,U7709
U7769,U9418
U7769,U9434
U7769,U7760
U7769,U9480
U7769,U9461
U7769,U9487
U7769,U9464
U7769,U9495
U7769,U9462
U7769,U9438
U7769,U9428
U7769,U9504
U7769,U9502
U7769,U9469
U7769,U9506
U7769,U7779
U7769,U9507
U7769,U9503
U7769,U9508
U7769,U9451
U7769,U9485
U7769,U9509
U7769,U7740
U7769,U9419
U7769,U9510
U7769,U9482
U7769,U9433
U7769,U9511
U7769,U9456
U7769,U9415
U7769,U9479
U7769,U9405
U7769,U9490
U7769,U9439
U7769,U9505
U7769,U9514
U7769,U9466
U7769,U9496
U7769,U9471
U7769,U9445
U7769,U9463
U7769,U9489
U7769,U9484
U7769,U9448
U7769,U9414
U7769,U9404
U7769,U9420
U7769,U9476
U7769,U9512
U7769,U9467
U7769,U9436
U7769,U9513
U7769,U9406
U7769,U7744
U7769,U9481
U7769,U9453
U7769,U9403
U7769,U9446
U7769,U7705
U7769,U9486
U7769,U9455
U7769,U9412
U7769,U9468
U7769,U9443
U7769,U7708
U7769,U9498
U7799,U7772
U7799,U7768
U7799,U7734
U7799,U7705
U7799,U7739
U7799,U7760
U7797,U7760
U7797,U7758
U7797,U7705
U7797,U7727
U7797,U7715
U7797,U7768
U7797,U7726
U7797,U7780
U7797,U24790
U7797,U24812
U7797,U24816
U7797,U24828
U7797,U21783
U7797,U24840
U7797,U24841
U7797,U24854
U7797,U24855
U7797,U24830
U7797,U24802
U7797,U24791
U7797,U24788
U7797,U24873
U7797,U24856
U7797,U24879
U7797,U24880
U7797,U24881
U7797,U24857
U7797,U24886
U7797,U24876
U7797,U24892
U7797,U24858
U7797,U19754
U7797,U24847
U7797,U24896
U7797,U24865
U7797,U24901
U7797,U24904
U7797,U19759
U7797,U24903
U7797,U24817
U7797,U24859
U7797,U24893
U7797,U24908
U7797,U24914
U7797,U24915
U7797,U24916
U7797,U24906
U7797,U24803
U7797,U24921
U7797,U24922
U7797,U9403
U7797,U24792
U7797,U24831
U7797,U7726
U7797,U24827
U7797,U24925
U7797,U24913
U7797,U9453
U7797,U24832
U7797,U24807
U7797,U24797
U7797,U24930
U7797,U24891
U7797,U24931
U7797,U24927
U7797,U24875
U7797,U24895
U7797,U24932
U7797,U24872
U7797,U24926
U7797,U24924
U7797,U24885
U7797,U24850
U7797,U9413
U7797,U24937
U7797,U7758
U7797,U24853
U7797,U24928
U7797,U24939
U7797,U24941
U7797,U24878
U7797,U15082
U7797,U24860
U7797,U24935
U7797,U24888
U7797,U24813
U7797,U24894
U7797,U24923
U7797,U24874
U7797,U24899
U7797,U24943
U7797,U24814
U7797,U24882
U7797,U24835
U7797,U24944
U7797,U24945
U7797,U24818
U7797,U24947
U7797,U24861
U7797,U24900
U7797,U24844
U7797,U7705
U7797,U24949
U7797,U24950
U7797,U24948
U7797,U24789
U7797,U19760
U7797,U24877
U7797,U24834
U7797,U24810
U7797,U24833
U7797,U24898
U7797,U24821
U7797,U24823
U7797,U7727
U7797,U24806
U7797,U24951
U7797,U24839
U7797,U24852
U7797,U24936
U7797,U24787
U7797,U24796
U7797,U24867
U7797,U19765
U7797,U24907
U7797,U24883
U7797,U24862
U7797,U24954
U7797,U24809
U7797,U24955
U7797,U24811
U7797,U24863
U7797,U24819
U7797,U24836
U7797,U24912
U7797,U24940
U7797,U24953
U7797,U19786
U7797,U24822
U7797,U24848
U7797,U24889
U7797,U24824
U7797,U24890
U7797,U24956
U7797,U24794
U7797,U24957
U7797,U7768
U7797,U24815
U7797,U24866
U7797,U15161
U7797,U24871
U7797,U24804
U7797,U24799
U7797,U24929
U7797,U7780
U7797,U24911
U7797,U17402
U7797,U24910
U7797,U19753
U7797,U24801
U7797,U24795
U7797,U24851
U7797,U24958
U7797,U24919
U7797,U24837
U7797,U24843
U7797,U24933
U7797,U24808
U7797,U24959
U7797,U24805
U7797,U7715
U7797,U24829
U7797,U15127
U7797,U24909
U7797,U24902
U7797,U24946
U7797,U24838
U7797,U24786
U7797,U24887
U7797,U24897
U7797,U15051
U7797,U24820
U7797,U9406
U7797,U24942
U7797,U24920
U7797,U24960
U7797,U7760
U7797,U24952
U7797,U24870
U7797,U24884
U7797,U24842
U7797,U24793
U7797,U24961
U7797,U24849
U7797,U24800
U7797,U24845
U7797,U24869
U7797,U24846
U7797,U24864
U7797,U24938
U7797,U24934
U7797,U24826
U7797,U24917
U7797,U24918
U7797,U9488
U7797,U24905
U7797,U24868
U7797,U24798
U7797,U24825
U7804,U7714
U7804,U7749
U7804,U7760
U7804,U7796
U7804,U7705
U7804,U7771
U7801,U7756
U7801,U7753
U7801,U7760
U7801,U7705
U7801,U7720
U7801,U7734
U7801,U7772
U7801,U7738
U24792,U24791
U24792,U24809
U24792,U24789
U24792,U24848
U24792,U24817
U24792,U24877
U24792,U24868
U24792,U24864
U24792,U24910
U24792,U24895
U24792,U24801
U24792,U24788
U24792,U7797
U24792,U24917
U24792,U24830
U24792,U24890
U24792,U7727
U24792,U24851
U24792,U7780
U24792,U24831
U24792,U24888
U24792,U24787
U24792,U24826
U24792,U24907
U24792,U24800
U24792,U24919
U24792,U24842
U24792,U7760
U24792,U24821
U24792,U24797
U24792,U19754
U24792,U24805
U24792,U19786
U24792,U24822
U24792,U24823
U24792,U24869
U24792,U24849
U24792,U24786
U24792,U24798
U7728,U7705
U7728,U7710
U7728,U7755
U7728,U7759
U7728,U7707
U7728,U7712
U7728,U7764
U7728,U7756
U7728,U7724
U7728,U7713
U7728,U7738
U7728,U7711
U7728,U7717
U7728,U7788
U7728,U7736
U7728,U7720
U7728,U7767
U7723,U7724
U7723,U7786
U7723,U7783
U7723,U7731
U7723,U7773
U7723,U7713
U7723,U7717
U7723,U7730
U7723,U7726
U7723,U7739
U7723,U7738
U7723,U7705
U7723,U7762
U7723,U7755
U7724,U7723
U7724,U7786
U7724,U7782
U7724,U7721
U7724,U7755
U7724,U7778
U7724,U7767
U7724,U7738
U7724,U7743
U7724,U7728
U7724,U7756
U7724,U7788
U7724,U7777
U7724,U7764
U7724,U7735
U7724,U7746
U7724,U7720
U7724,U7730
U7724,U7759
U7724,U7736
U7724,U7729
U7724,U7705
U7724,U7713
U7724,U7706
U7724,U7710
U7724,U7733
U7724,U7711
U7724,U7717
U7724,U7707
U7724,U7718
U7725,U7726
U7725,U7705
U7725,U7760
U7725,U7749
U7725,U7760
U7725,U17410
U7725,U17411
U7725,U17417
U7725,U7705
U7725,U17412
U7725,U17414
U7725,U17398
U7725,U17409
U7725,U17418
U7725,U17408
U7725,U17400
U7725,U17402
U7725,U17415
U7725,U7726
U7725,U17399
U7725,U17396
U7725,U17407
U7725,U17421
U7725,U17405
U7725,U17397
U7725,U7749
U7725,U17403
U7725,U17422
U7725,U17420
U7725,U17423
U7725,U17401
U7725,U17413
U7725,U17419
U7725,U17404
U7725,U17416
U7725,U17406
U7725,U17424
U7726,U7725
U7726,U7744
U7726,U7708
U7726,U7768
U7726,U7705
U7726,U7740
U7726,U7727
U7726,U7754
U7726,U7760
U7726,U7709
U7726,U7770
U7726,U7731
U7726,U7741
U7726,U7779
U7726,U7758
U7726,U7780
U7726,U7774
U7726,U7714
U7726,U7784
U7726,U7775
U7726,U7742
U7726,U7769
U7726,U7723
U7726,U7719
U7726,U7788
U7726,U7748
U7726,U7747
U7726,U7715
U7726,U7797
U7726,U9400
U7726,U7715
U7726,U7769
U7726,U7740
U7726,U9470
U7726,U7758
U7726,U7708
U7726,U7760
U7726,U7741
U7726,U7744
U7726,U9459
U7726,U9409
U7726,U7747
U7726,U9472
U7726,U9428
U7726,U7709
U7726,U9420
U7726,U9414
U7726,U9416
U7726,U7719
U7726,U9423
U7726,U7780
U7726,U9413
U7726,U7770
U7726,U9424
U7726,U9417
U7726,U9426
U7726,U9439
U7726,U7705
U7726,U9406
U7726,U9476
U7726,U9448
U7726,U7779
U7726,U9403
U7726,U7775
U7726,U9405
U7726,U15094
U7726,U15084
U7726,U9406
U7726,U7770
U7726,U15133
U7726,U15045
U7726,U15073
U7726,U15135
U7726,U7779
U7726,U7760
U7726,U7725
U7726,U17419
U7726,U7705
U7726,U17411
U7726,U7708
U7726,U19756
U7726,U19757
U7726,U7705
U7726,U19765
U7726,U7741
U7726,U9426
U7726,U19759
U7726,U9424
U7726,U7754
U7726,U19773
U7726,U7760
U7726,U7768
U7726,U7748
U7726,U21762
U7726,U7770
U7726,U7740
U7726,U21759
U7726,U7708
U7726,U9406
U7726,U21784
U7726,U9413
U7726,U7768
U7726,U9403
U7726,U7797
U7726,U24806
U7726,U7705
U7726,U7715
U7726,U7760
U7726,U24907
U7726,U9406
U7726,U7758
U7726,U9413
U7726,U7727
U7726,U24797
U7726,U19759
U7726,U24804
U7726,U24816
U7726,U7780
U7726,U19765
U7727,U7714
U7727,U7719
U7727,U7760
U7727,U7726
U7727,U7740
U7727,U7742
U7727,U7768
U7727,U7744
U7727,U7748
U7727,U7794
U7727,U7797
U7727,U7781
U7727,U7709
U7727,U7705
U7727,U7758
U7727,U7780
U7727,U7715
U7727,U7715
U7727,U19754
U7727,U24823
U7727,U24891
U7727,U24805
U7727,U17402
U7727,U7758
U7727,U24792
U7727,U24868
U7727,U24838
U7727,U24788
U7727,U24864
U7727,U7705
U7727,U24786
U7727,U24851
U7727,U24917
U7727,U7797
U7727,U24797
U7727,U7726
U7727,U24821
U7727,U24804
U7727,U9406
U7727,U24876
U7727,U24832
U7727,U7760
U7727,U24862
U7727,U24932
U7727,U7780
U7727,U7768
U7727,U24798
U7727,U15127
U7754,U7739
U7754,U7705
U7754,U7726
U7754,U7760
U7754,U7806
U7754,U7741
U7754,U7708
U7754,U7781
U7754,U19755
U7754,U19774
U7754,U19768
U7754,U9426
U7754,U19776
U7754,U7760
U7754,U19785
U7754,U7705
U7754,U19787
U7754,U19789
U7754,U19791
U7754,U19762
U7754,U19769
U7754,U19792
U7754,U19761
U7754,U19795
U7754,U19756
U7754,U19798
U7754,U19752
U7754,U19799
U7754,U19800
U7754,U19775
U7754,U19786
U7754,U19801
U7754,U19763
U7754,U19802
U7754,U19783
U7754,U19803
U7754,U19806
U7754,U19754
U7754,U19788
U7754,U19807
U7754,U19764
U7754,U19808
U7754,U19779
U7754,U19809
U7754,U19810
U7754,U19811
U7754,U9424
U7754,U19770
U7754,U19793
U7754,U19767
U7754,U19771
U7754,U19750
U7754,U7806
U7754,U19812
U7754,U19813
U7754,U19796
U7754,U19773
U7754,U19790
U7754,U19804
U7754,U19772
U7754,U19757
U7754,U19814
U7754,U19815
U7754,U7741
U7754,U7726
U7754,U19760
U7754,U19777
U7754,U19816
U7754,U7781
U7754,U19759
U7754,U9485
U7754,U19817
U7754,U19818
U7754,U19778
U7754,U19782
U7754,U19819
U7754,U19797
U7754,U15110
U7754,U7708
U7754,U19805
U7754,U7739
U7754,U19780
U7754,U19781
U7754,U19751
U7754,U19753
U7754,U19794
U7754,U19766
U7754,U19749
U7754,U19758
U7754,U19784
U7754,U19765
U7754,U19820
U9405,U9406
U9405,U7740
U9405,U7747
U9405,U9426
U9405,U9409
U9405,U9479
U9405,U9422
U9405,U7709
U9405,U9403
U9405,U7744
U9405,U7708
U9405,U9482
U9405,U7775
U9405,U7715
U9405,U7769
U9405,U7719
U9405,U9439
U9405,U9433
U9405,U7758
U9405,U9459
U9405,U7780
U9405,U9485
U9405,U7760
U9405,U9487
U9405,U7726
U7711,U7710
U7711,U7735
U7711,U7721
U7711,U7736
U7711,U7755
U7711,U7733
U7711,U7707
U7711,U7764
U7711,U7713
U7711,U7800
U7711,U7738
U7711,U7743
U7711,U7720
U7711,U7767
U7711,U7728
U7711,U7716
U7711,U7717
U7711,U7729
U7711,U7706
U7711,U7705
U7711,U7722
U7711,U7756
U7711,U7724
U7711,U7782
U7711,U7759
U7710,U7711
U7710,U7728
U7710,U7736
U7710,U7759
U7710,U7761
U7710,U7707
U7710,U7788
U7710,U7755
U7710,U7705
U7710,U7738
U7710,U7756
U7710,U7720
U7710,U7782
U7710,U7733
U7710,U7764
U7710,U7717
U7710,U7724
U7713,U7712
U7713,U7720
U7713,U7705
U7713,U7730
U7713,U7746
U7713,U7711
U7713,U7783
U7713,U7733
U7713,U7782
U7713,U7755
U7713,U7721
U7713,U7786
U7713,U7728
U7713,U7723
U7713,U7724
U7713,U7778
U7713,U7722
U7713,U7707
U7713,U7764
U7714,U7715
U7714,U7727
U7714,U7736
U7714,U7747
U7714,U7742
U7714,U7793
U7714,U7749
U7714,U7705
U7714,U7780
U7714,U7734
U7714,U7804
U7714,U7709
U7714,U7726
U7714,U7743
U7714,U7719
U7714,U7760
U7714,U7739
U7714,U7741
U7714,U7771
U7717,U7718
U7717,U7705
U7717,U7733
U7717,U7756
U7717,U7764
U7717,U7730
U7717,U7719
U7717,U7783
U7717,U7706
U7717,U7736
U7717,U7721
U7717,U7767
U7717,U7712
U7717,U7738
U7717,U7788
U7717,U7759
U7717,U7755
U7717,U7777
U7717,U7793
U7717,U7728
U7717,U7711
U7717,U7723
U7717,U7782
U7717,U7720
U7717,U7757
U7717,U7710
U7717,U7739
U7717,U7724
U7717,U7707
U7718,U7717
U7718,U7733
U7718,U7705
U7718,U7720
U7718,U7729
U7718,U7731
U7718,U7786
U7718,U7764
U7718,U7732
U7718,U7721
U7718,U7730
U7718,U7751
U7718,U7712
U7718,U7746
U7718,U7783
U7718,U7736
U7718,U7724
